neon_slug,neon_title,rank,rec_slug,rec_title,score
ammonite,Ammonite,1,killing-ground,Killing Ground (2016),17.44
ammonite,Ammonite,2,les-hautes-solitudes,Les Hautes solitudes (1974),17.44
ammonite,Ammonite,3,the-edge-of-seventeen,The Edge of Seventeen (2016),17.44
ammonite,Ammonite,4,hotel-mumbai,Hotel Mumbai (2018),17.44
ammonite,Ammonite,5,another-earth,Another Earth (2011),17.44
ammonite,Ammonite,6,the-danish-girl,The Danish Girl (2015),17.44
ammonite,Ammonite,7,dou-kyu-sei-classmates,Dou kyu sei – Classmates (2016),17.44
ammonite,Ammonite,8,princess-cyd,Princess Cyd (2017),17.44
ammonite,Ammonite,9,jane-eyre-2011,Jane Eyre (2011),17.44
ammonite,Ammonite,10,the-reader,The Reader (2008),17.44
anora,Anora (2024),1,the-intouchables,The Intouchables (2011),39.636364
anora,Anora (2024),2,slumdog-millionaire,Slumdog Millionaire (2008),39.636364
anora,Anora (2024),3,kinds-of-kindness,Kinds of Kindness (2024),19.818182
anora,Anora (2024),4,snowpiercer,Snowpiercer (2013),19.818182
anora,Anora (2024),5,kneecap,Kneecap (2024),15.854545
anora,Anora (2024),6,mickey-17,Mickey 17 (2025),15.414141
anora,Anora (2024),7,8-mile,8 Mile (2002),13.212121
anora,Anora (2024),8,bratz,Bratz (2007),13.212121
anora,Anora (2024),9,persepolis,Persepolis (2007),13.212121
anora,Anora (2024),10,jamon-jamon,Jamon Jamon (1992),13.212121
beach-rats,Beach Rats,1,blindspotting,Blindspotting (2018),17.44
beach-rats,Beach Rats,2,baywatch,Baywatch (2017),17.44
beach-rats,Beach Rats,3,logan-lucky,Logan Lucky (2017),17.44
beach-rats,Beach Rats,4,20th-century-women,20th Century Women (2016),17.44
beach-rats,Beach Rats,5,columbus-2017,Columbus (2017),17.44
beach-rats,Beach Rats,6,free-fall-2013,Free Fall (2013),17.44
beach-rats,Beach Rats,7,boys-2014,Boys (2014),17.44
beach-rats,Beach Rats,8,king-cobra-2016,King Cobra (2016),17.44
beach-rats,Beach Rats,9,handsome-devil,Handsome Devil (2016),17.44
beach-rats,Beach Rats,10,twinless,Twinless (2025),17.44
how-to-blow-up-a-pipeline,How to Blow Up a Pipeline,1,the-threesome,The Threesome (2025),17.44
how-to-blow-up-a-pipeline,How to Blow Up a Pipeline,2,insidious-chapter-2,Insidious: Chapter 2 (2013),17.44
how-to-blow-up-a-pipeline,How to Blow Up a Pipeline,3,bite-2015,Bite (2015),17.44
how-to-blow-up-a-pipeline,How to Blow Up a Pipeline,4,high-rise-2015,High-Rise (2015),17.44
how-to-blow-up-a-pipeline,How to Blow Up a Pipeline,5,irreversible,Irreversible (2002),17.44
how-to-blow-up-a-pipeline,How to Blow Up a Pipeline,6,ida,Ida (2013),17.44
how-to-blow-up-a-pipeline,How to Blow Up a Pipeline,7,capote,Capote (2005),17.44
how-to-blow-up-a-pipeline,How to Blow Up a Pipeline,8,a-most-wanted-man,A Most Wanted Man (2014),17.44
how-to-blow-up-a-pipeline,How to Blow Up a Pipeline,9,the-day-after-tomorrow,The Day After Tomorrow (2004),17.44
how-to-blow-up-a-pipeline,How to Blow Up a Pipeline,10,the-order-2024,The Order (2024),17.44
i-tonya,"I, Tonya (2017)",1,sense-and-sensibility,Sense and Sensibility (1995),45.103448
i-tonya,"I, Tonya (2017)",2,the-umbrellas-of-cherbourg,The Umbrellas of Cherbourg (1964),45.103448
i-tonya,"I, Tonya (2017)",3,john-tucker-must-die,John Tucker Must Die (2006),27.062069
i-tonya,"I, Tonya (2017)",4,summer-of-85,Summer of 85 (2020),15.034483
i-tonya,"I, Tonya (2017)",5,the-cabin-in-the-woods,The Cabin in the Woods (2011),15.034483
i-tonya,"I, Tonya (2017)",6,tangled-2010,Tangled (2010),15.034483
i-tonya,"I, Tonya (2017)",7,leon-the-professional,Léon: The Professional (1994),15.034483
i-tonya,"I, Tonya (2017)",8,the-pianist,The Pianist (2002),15.034483
i-tonya,"I, Tonya (2017)",9,wonder-2017,Wonder (2017),15.034483
i-tonya,"I, Tonya (2017)",10,manchester-by-the-sea,Manchester by the Sea (2016),15.034483
ingrid-goes-west,Ingrid Goes West,1,in-secret,In Secret (2013),17.44
ingrid-goes-west,Ingrid Goes West,2,godzilla-2014,Godzilla (2014),17.44
ingrid-goes-west,Ingrid Goes West,3,emily-the-criminal,Emily the Criminal (2022),17.44
ingrid-goes-west,Ingrid Goes West,4,dogtooth,Dogtooth (2009),17.44
ingrid-goes-west,Ingrid Goes West,5,wanted-2008,Wanted (2008),17.44
ingrid-goes-west,Ingrid Goes West,6,pig-2021,Pig (2021),17.44
ingrid-goes-west,Ingrid Goes West,7,dinner-in-america,Dinner in America (2020),17.44
ingrid-goes-west,Ingrid Goes West,8,winter-spring-summer-or-fall,Winter Spring Summer or Fall (2024),17.44
ingrid-goes-west,Ingrid Goes West,9,endings-beginnings,"Endings, Beginnings (2019)",17.44
ingrid-goes-west,Ingrid Goes West,10,adrift-2018,Adrift (2018),17.44
la-chimera,La Chimera,1,first-blood,First Blood (1982),33.538462
la-chimera,La Chimera,2,the-girl-with-the-needle,The Girl with the Needle (2024),25.153846
la-chimera,La Chimera,3,some-like-it-hot,Some Like It Hot (1959),20.961538
la-chimera,La Chimera,4,anyone-but-you,Anyone But You (2023),16.769231
la-chimera,La Chimera,5,certain-women,Certain Women (2016),16.769231
la-chimera,La Chimera,6,passengers-2016,Passengers (2016),16.769231
la-chimera,La Chimera,7,spectre-2015,Spectre (2015),16.769231
la-chimera,La Chimera,8,the-secret-world-of-arrietty,The Secret World of Arrietty (2010),16.769231
la-chimera,La Chimera,9,oceans-twelve,Ocean's Twelve (2004),16.769231
la-chimera,La Chimera,10,pusher,Pusher (1996),16.769231
longlegs,Longlegs (2024),1,disclaimer-2024,Disclaimer (2024),37.371429
longlegs,Longlegs (2024),2,woman-of-the-hour,Woman of the Hour (2023),37.371429
longlegs,Longlegs (2024),3,the-first-purge,The First Purge (2018),37.371429
longlegs,Longlegs (2024),4,klute,Klute (1971),37.371429
longlegs,Longlegs (2024),5,the-popes-exorcist,The Pope's Exorcist (2023),37.371429
longlegs,Longlegs (2024),6,the-return-of-the-living-dead,The Return of the Living Dead (1985),37.371429
longlegs,Longlegs (2024),7,sing-sing-2023,Sing Sing (2023),24.914286
longlegs,Longlegs (2024),8,the-fly-1986,The Fly (1986),22.422857
longlegs,Longlegs (2024),9,terrifier-3,Terrifier 3 (2024),21.8
longlegs,Longlegs (2024),10,midsommar,Midsommar (2019),17.44
memoria-2021,Memoria,1,dont-breathe-2016,Don't Breathe (2016),46.714286
memoria-2021,Memoria,2,aniara-2018,Aniara (2018),46.714286
memoria-2021,Memoria,3,cosmos-2015,Cosmos (2015),46.714286
memoria-2021,Memoria,4,haunted-mansion-2023,Haunted Mansion (2023),46.714286
memoria-2021,Memoria,5,shell-2024,Shell (2024),46.714286
memoria-2021,Memoria,6,paul-2011,Paul (2011),15.571429
memoria-2021,Memoria,7,all-of-you-2024,All of You (2024),15.571429
memoria-2021,Memoria,8,haruhara-sans-recorder,Haruhara-san's Recorder (2021),15.571429
memoria-2021,Memoria,9,the-earrings-of-madame-de,The Earrings of Madame de... (1953),15.571429
memoria-2021,Memoria,10,happening,Happening (2021),15.571429
palm-springs-2020,Palm Springs (2020),1,come-together-2016,Come Together (2016),56.869565
palm-springs-2020,Palm Springs (2020),2,the-bikeriders,The Bikeriders (2023),56.869565
palm-springs-2020,Palm Springs (2020),3,tape,Tape (2001),56.869565
palm-springs-2020,Palm Springs (2020),4,the-kid-2000,The Kid (2000),56.869565
palm-springs-2020,Palm Springs (2020),5,bedazzled-2000,Bedazzled (2000),18.956522
palm-springs-2020,Palm Springs (2020),6,man-in-love-2021,Man in Love (2021),18.956522
palm-springs-2020,Palm Springs (2020),7,love-you-to-debt,Love You To Debt (2024),18.956522
palm-springs-2020,Palm Springs (2020),8,better-days-2019,Better Days (2019),18.956522
palm-springs-2020,Palm Springs (2020),9,love-letter,Love Letter (1995),18.956522
palm-springs-2020,Palm Springs (2020),10,hometown-cha-cha-cha,Hometown Cha-Cha-Cha (2021),18.956522
parasite-2019,Parasite (2019),1,montevergine,Montevergine (1971),37.371429
parasite-2019,Parasite (2019),2,la-madonna-del-pollino,La Madonna del Pollino (1971),37.371429
parasite-2019,Parasite (2019),3,the-present-2020,The Present (2020),37.371429
parasite-2019,Parasite (2019),4,bye-bye-tiberias,Bye Bye Tiberias (2023),37.371429
parasite-2019,Parasite (2019),5,the-dupes,The Dupes (1972),37.371429
parasite-2019,Parasite (2019),6,the-talented-mr-ripley,The Talented Mr. Ripley (1999),12.457143
parasite-2019,Parasite (2019),7,normal-people-2020,Normal People (2020),12.457143
parasite-2019,Parasite (2019),8,the-omen,The Omen (1976),12.457143
parasite-2019,Parasite (2019),9,audition,Audition (1999),12.457143
parasite-2019,Parasite (2019),10,vertigo,Vertigo (1958),12.457143
petite-maman,Petite Maman (2021),1,gladiator-2000,Gladiator (2000),43.6
petite-maman,Petite Maman (2021),2,em-selma-go-griffin-hunting,Em & Selma Go Griffin Hunting (2025),43.6
petite-maman,Petite Maman (2021),3,some-like-it-hot,Some Like It Hot (1959),38.15
petite-maman,Petite Maman (2021),4,heartbeats,Heartbeats (2010),21.8
petite-maman,Petite Maman (2021),5,tomboy-2011,Tomboy (2011),21.8
petite-maman,Petite Maman (2021),6,attack-of-the-meth-gator,Attack of the Meth Gator (2023),21.8
petite-maman,Petite Maman (2021),7,the-odd-life-of-timothy-green,The Odd Life of Timothy Green (2012),21.8
petite-maman,Petite Maman (2021),8,the-death-of-stalin,The Death of Stalin (2017),21.8
petite-maman,Petite Maman (2021),9,touki-bouki,Touki Bouki (1973),21.8
petite-maman,Petite Maman (2021),10,fire,Fire (1996),21.8
portrait-of-a-lady-on-fire,Portrait of a Lady on Fire (2019),1,the-shining-star-of-losers-everywhere,The Shining Star of Losers Everywhere (2016),32.296296
portrait-of-a-lady-on-fire,Portrait of a Lady on Fire (2019),2,elio,Elio (2025),32.296296
portrait-of-a-lady-on-fire,Portrait of a Lady on Fire (2019),3,girl-picture,Girl Picture (2022),32.296296
portrait-of-a-lady-on-fire,Portrait of a Lady on Fire (2019),4,lizzie-2018,Lizzie (2018),32.296296
portrait-of-a-lady-on-fire,Portrait of a Lady on Fire (2019),5,girltrash-all-night-long,Girltrash: All Night Long (2014),32.296296
portrait-of-a-lady-on-fire,Portrait of a Lady on Fire (2019),6,the-quiet,The Quiet (2005),32.296296
portrait-of-a-lady-on-fire,Portrait of a Lady on Fire (2019),7,water-lilies,Water Lilies (2007),24.222222
portrait-of-a-lady-on-fire,Portrait of a Lady on Fire (2019),8,it-1927,It (1927),16.148148
portrait-of-a-lady-on-fire,Portrait of a Lady on Fire (2019),9,the-general,The General (1926),16.148148
portrait-of-a-lady-on-fire,Portrait of a Lady on Fire (2019),10,i-saw-the-tv-glow,I Saw the TV Glow (2024),16.148148
spencer-2021,Spencer,1,the-queen-2006,The Queen (2006),17.44
spencer-2021,Spencer,2,code-3,Code 3 (2025),17.44
spencer-2021,Spencer,3,elizabeth,Elizabeth (1998),17.44
spencer-2021,Spencer,4,victoria-abdul,Victoria & Abdul (2017),17.44
spencer-2021,Spencer,5,fear-street-1994,Fear Street: 1994 (2021),17.44
spencer-2021,Spencer,6,all-too-well-the-short-film,All Too Well: The Short Film (2021),17.44
spencer-2021,Spencer,7,halloween-kills,Halloween Kills (2021),17.44
spencer-2021,Spencer,8,cats-2019,Cats (2019),17.44
spencer-2021,Spencer,9,jfk,JFK (1991),17.44
spencer-2021,Spencer,10,o-brother-where-art-thou,"O Brother, Where Art Thou? (2000)",17.44
the-monkey-2025,The Monkey,1,poltergeist,Poltergeist (1982),56.869565
the-monkey-2025,The Monkey,2,los-frikis,Los Frikis (2024),37.913043
the-monkey-2025,The Monkey,3,the-blair-witch-project,The Blair Witch Project (1999),28.434783
the-monkey-2025,The Monkey,4,terrifier-3,Terrifier 3 (2024),23.695652
the-monkey-2025,The Monkey,5,trap-2024,Trap (2024),18.956522
the-monkey-2025,The Monkey,6,the-fly-1986,The Fly (1986),18.956522
the-monkey-2025,The Monkey,7,cars-2,Cars 2 (2011),18.956522
the-monkey-2025,The Monkey,8,garfield,Garfield (2004),18.956522
the-monkey-2025,The Monkey,9,sicario-day-of-the-soldado,Sicario: Day of the Soldado (2018),18.956522
the-monkey-2025,The Monkey,10,sicario-2015,Sicario (2015),18.956522
the-seed-of-the-sacred-fig,The Seed of the Sacred Fig,1,to-a-land-unknown,To a Land Unknown (2024),17.44
the-seed-of-the-sacred-fig,The Seed of the Sacred Fig,2,germinal,Germinal (1993),17.44
the-seed-of-the-sacred-fig,The Seed of the Sacred Fig,3,troy,Troy (2004),17.44
the-seed-of-the-sacred-fig,The Seed of the Sacred Fig,4,vermiglio,Vermiglio (2024),17.44
the-seed-of-the-sacred-fig,The Seed of the Sacred Fig,5,the-in-laws-2021,The In-Laws (2021),17.44
the-seed-of-the-sacred-fig,The Seed of the Sacred Fig,6,the-goonies,The Goonies (1985),17.44
the-seed-of-the-sacred-fig,The Seed of the Sacred Fig,7,a-cinderella-story-christmas-wish,A Cinderella Story: Christmas Wish (2019),17.44
the-seed-of-the-sacred-fig,The Seed of the Sacred Fig,8,the-muppets,The Muppets (2011),17.44
the-seed-of-the-sacred-fig,The Seed of the Sacred Fig,9,wizards-of-waverly-place-the-movie,Wizards of Waverly Place: The Movie (2009),17.44
the-seed-of-the-sacred-fig,The Seed of the Sacred Fig,10,the-tales-of-hoffmann,The Tales of Hoffmann (1951),17.44
the-worst-person-in-the-world,The Worst Person in the World (2021),1,the-book-of-life-2014,The Book of Life (2014),50.307692
the-worst-person-in-the-world,The Worst Person in the World (2021),2,frankenhooker,Frankenhooker (1990),50.307692
the-worst-person-in-the-world,The Worst Person in the World (2021),3,the-velvet-queen,The Velvet Queen (2021),33.538462
the-worst-person-in-the-world,The Worst Person in the World (2021),4,sick-of-myself,Sick of Myself (2022),33.538462
the-worst-person-in-the-world,The Worst Person in the World (2021),5,smile-2-2024,Smile 2 (2024),25.153846
the-worst-person-in-the-world,The Worst Person in the World (2021),6,the-banshees-of-inisherin,The Banshees of Inisherin (2022),20.123077
the-worst-person-in-the-world,The Worst Person in the World (2021),7,the-amazing-spider-man-2,The Amazing Spider-Man 2 (2014),16.769231
the-worst-person-in-the-world,The Worst Person in the World (2021),8,dont-worry-darling,Don't Worry Darling (2022),16.769231
the-worst-person-in-the-world,The Worst Person in the World (2021),9,where-the-crawdads-sing,Where the Crawdads Sing (2022),16.769231
the-worst-person-in-the-world,The Worst Person in the World (2021),10,flow-2024,Flow (2024),16.769231
together-2025,Together (2025),1,los-frikis,Los Frikis (2024),93.428571
together-2025,Together (2025),2,182-beyond-youthful-days,18×2 Beyond Youthful Days (2024),62.285714
together-2025,Together (2025),3,linda-linda-linda,Linda Linda Linda (2005),62.285714
together-2025,Together (2025),4,a-gentleman,A Gentleman (2017),62.285714
together-2025,Together (2025),5,love-pop,Love & Pop (1998),62.285714
together-2025,Together (2025),6,buena-vista-social-club,Buena Vista Social Club (1999),62.285714
together-2025,Together (2025),7,scrapper-2023,Scrapper (2023),62.285714
together-2025,Together (2025),8,photograph,Photograph (2019),62.285714
together-2025,Together (2025),9,badass-ravikumar,Badass Ravi Kumar (2025),62.285714
together-2025,Together (2025),10,the-night-manager,The Night Manager (2016),62.285714
triangle-of-sadness,Triangle of Sadness (2022),1,the-intouchables,The Intouchables (2011),16.769231
triangle-of-sadness,Triangle of Sadness (2022),2,slumdog-millionaire,Slumdog Millionaire (2008),16.769231
triangle-of-sadness,Triangle of Sadness (2022),3,under-the-skin-2013,Under the Skin (2013),16.769231
triangle-of-sadness,Triangle of Sadness (2022),4,only-god-forgives,Only God Forgives (2013),16.769231
triangle-of-sadness,Triangle of Sadness (2022),5,tusk-2014,Tusk (2014),16.769231
triangle-of-sadness,Triangle of Sadness (2022),6,shang-chi-and-the-legend-of-the-ten-rings,Shang-Chi and the Legend of the Ten Rings (2021),16.769231
triangle-of-sadness,Triangle of Sadness (2022),7,joker-folie-a-deux,Joker: Folie à Deux (2024),16.769231
triangle-of-sadness,Triangle of Sadness (2022),8,moonstruck,Moonstruck (1987),16.769231
triangle-of-sadness,Triangle of Sadness (2022),9,blink-twice,Blink Twice (2024),16.769231
triangle-of-sadness,Triangle of Sadness (2022),10,infested-2023,Infested (2023),16.769231
vox-lux,Vox Lux,1,the-childhood-of-a-leader,The Childhood of a Leader (2015),17.44
vox-lux,Vox Lux,2,behind-the-mask-the-rise-of-leslie-vernon,Behind the Mask: The Rise of Leslie Vernon (2006),17.44
vox-lux,Vox Lux,3,lady-in-the-lake,Lady in the Lake (1946),17.44
vox-lux,Vox Lux,4,project-ithaca,Project Ithaca (2019),17.44
vox-lux,Vox Lux,5,open-grave,Open Grave (2013),17.44
vox-lux,Vox Lux,6,the-devils-candy,The Devil's Candy (2015),17.44
vox-lux,Vox Lux,7,song-to-song,Song to Song (2017),17.44
vox-lux,Vox Lux,8,milk-2008,Milk (2008),17.44
vox-lux,Vox Lux,9,the-art-of-self-defense-2019,The Art of Self-Defense (2019),17.44
vox-lux,Vox Lux,10,heathers-the-musical,Heathers: The Musical (2022),17.44
